Timestamp,Distance,Azimuth,Elevation,AccX,AccY,AccZ,GyroX,GyroY,GyroZ,GeoX,GeoY,GeoZ
5205.744180416667,"uwb",0.0,0.0,141.37166
5205.766949666667,"acc",-0.0027618408203125,-1.000762939453125,-0.01422119140625
5205.780228666667,"mag",107.63209533691406,43.61845397949219,-158.2964324951172
5205.783203666667,"gyro",-0.005278385244309902,-0.0007688545738346875,-0.006007558666169643
5205.783203666667,"acc",-0.001220703125,-1.0020294189453125,-0.014923095703125
5205.800104666667,"mag",107.41441345214844,43.888519287109375,-158.05337524414062
5205.799457666667,"gyro",-0.006471747532486916,-0.0007880293414928019,-0.0070794811472296715
5205.799457666667,"acc",-0.0019989013671875,-1.0013427734375,-0.014434814453125
5205.815710666667,"gyro",-0.005628324579447508,-0.0022514364682137966,-0.0060179452411830425
5205.815710666667,"acc",-0.001800537109375,-1.0015869140625,-0.01409912109375
5205.819980666667,"mag",107.41127014160156,43.74452209472656,-158.1832275390625
5205.831965666667,"acc",-0.001861572265625,-1.00201416015625,-0.0138702392578125
5205.831965666667,"gyro",-0.004462658893316984,-0.004538292996585369,-0.008410262875258923
5205.839857666667,"mag",107.38540649414062,43.728240966796875,-157.9423370361328
5205.848219666667,"gyro",-0.007489075418561697,-0.0021020330023020506,-0.006055762059986591
5205.848219666667,"acc",-0.002593994140625,-1.0013580322265625,-0.0139312744140625
5205.859735666667,"mag",107.3907470703125,43.741302490234375,-157.91455078125
5205.864473666667,"gyro",-0.006798251066356897,-0.0018881811993196607,-0.005831257440149784
5205.864473666667,"acc",-0.002410888671875,-1.0009307861328125,-0.014312744140625
5205.879612666667,"mag",107.71954345703125,43.93719482421875,-157.78558349609375
5205.880726666667,"gyro",-0.006078931502997875,-0.0023992417845875025,-0.007509049028158188
5205.880726666667,"acc",-0.0019073486328125,-1.0019378662109375,-0.014312744140625
5205.899487666667,"mag",107.61888122558594,43.781829833984375,-157.97824096679688
5205.896981666667,"gyro",-0.007107976824045181,-0.0019683423452079296,-0.007513842545449734
5205.896981666667,"acc",-0.0011138916015625,-1.0013275146484375,-0.014129638671875
5205.913235666667,"gyro",-0.008194279856979847,-0.0035976641811430454,-0.010957576334476471
5205.913235666667,"acc",-0.002288818359375,-1.000701904296875,-0.0142364501953125
5205.919363666667,"mag",107.57167053222656,43.64201354980469,-158.26956176757812
5205.929489666667,"gyro",-0.006068012677133083,0.0004649879119824618,-0.007695204112678766
5205.929489666667,"acc",-0.0013580322265625,-1.000885009765625,-0.014495849609375
5205.939241666667,"mag",107.59123229980469,43.79432678222656,-158.0845489501953
5205.945742666667,"acc",-0.0019378662109375,-1.0010833740234375,-0.013916015625
5205.945742666667,"gyro",-0.006735667120665312,-0.003230147995054722,-0.008531702682375908
5205.959118666667,"mag",107.73182678222656,43.6842041015625,-158.08572387695312
5205.961997666667,"gyro",-0.006719155237078667,-0.002642388455569744,-0.007821970619261265
5205.961997666667,"acc",-0.0009613037109375,-1.0014495849609375,-0.015289306640625
5205.978986666667,"mag",107.57333374023438,43.648406982421875,-158.41342163085938
5205.978251666667,"gyro",-0.004801146686077118,-0.0043715788051486015,-0.005528456065803766
5205.978251666667,"acc",-0.001983642578125,-1.001708984375,-0.013458251953125
5205.994505666667,"gyro",-0.0034141724463552237,-0.0007888282998465002,-0.0071037160232663155
5205.994505666667,"acc",-0.002105712890625,-1.0016021728515625,-0.013885498046875
5205.998852666667,"mag",107.78855895996094,43.869781494140625,-157.91073608398438
5206.010758666667,"gyro",-0.005617672111839056,-0.0033507891930639744,-0.005628058221191168
5206.010758666667,"acc",-0.0020294189453125,-1.000762939453125,-0.01446533203125
5206.018723666667,"mag",107.26315307617188,43.80084228515625,-158.06045532226562
5206.027013666667,"gyro",-0.005989182740449905,-0.00166607357095927,-0.010584999807178974
5206.027013666667,"acc",-0.002410888671875,-1.0012664794921875,-0.0138702392578125
5206.038599666667,"mag",107.30570983886719,43.92979431152344,-158.18499755859375
5206.043267666667,"gyro",-0.0071164988912642,-0.004297276493161917,-0.008401740342378616
5206.043267666667,"acc",-0.00189208984375,-1.0011138916015625,-0.01416015625
5206.058476666667,"mag",107.55734252929688,44.23921203613281,-157.9169158935547
5206.059520666667,"gyro",-0.00675351032987237,-0.0020234698895365,-0.005967078730463982
5206.059520666667,"acc",-0.0019989013671875,-1.001434326171875,-0.0137786865234375
5206.075774666667,"gyro",-0.004924451000988483,-0.001877262257039547,-0.005150287412106991
5206.075774666667,"acc",-0.0023040771484375,-1.0009307861328125,-0.0146942138671875
5206.078354666667,"mag",107.61529541015625,44.05992126464844,-158.38536071777344
5206.092028666667,"gyro",-0.006421680096536875,-0.0014231932582333684,-0.006746852304786444
5206.092028666667,"acc",-0.0013580322265625,-1.001434326171875,-0.013580322265625
5206.098225666667,"mag",107.78215026855469,44.03947448730469,-157.5286102294922
5206.108282666667,"gyro",-0.0057228668592870235,-0.002469016704708338,-0.006417685654014349
5206.108282666667,"acc",-0.0020904541015625,-1.0015106201171875,-0.014862060546875
5206.118093666667,"mag",107.33177185058594,43.843170166015625,-157.87132263183594
5206.124536666667,"gyro",-0.005576925817877054,-0.0023638217244297266,-0.006189186125993729
5206.124536666667,"acc",-0.001678466796875,-1.0009307861328125,-0.014495849609375
5206.137964666667,"mag",107.63497924804688,43.82391357421875,-157.97314453125
5206.140790666667,"gyro",-0.006445648614317179,-0.0007837683078832924,-0.009227586910128593
5206.140790666667,"acc",-0.0021209716796875,-1.00146484375,-0.015380859375
5206.157044666667,"gyro",-0.0060211410745978355,0.0004593952908180654,-0.0046791741624474525
5206.157044666667,"acc",-0.0013885498046875,-1.0008392333984375,-0.013641357421875
5206.157845666667,"mag",107.61714172363281,43.82350158691406,-158.15599060058594
5206.173298666667,"gyro",-0.004541222471743822,-0.002805107505992055,-0.006535930093377829
5206.173298666667,"acc",-0.0009307861328125,-1.0016021728515625,-0.01385498046875
5206.177724666667,"mag",107.65473937988281,43.76483154296875,-157.77122497558594
5206.189552666667,"gyro",-0.006346579175442457,-0.00018242653459310532,-0.00627094553783536
5206.189552666667,"acc",-0.002716064453125,-1.0007171630859375,-0.0137939453125
5206.197603666667,"mag",107.43344116210938,43.77264404296875,-157.6368865966797
5206.205806666667,"gyro",-0.004835767671465874,-0.004355600103735924,-0.007179083302617073
5206.205806666667,"acc",-0.0017242431640625,-1.0015716552734375,-0.0142974853515625
5206.217482666667,"mag",107.5059814453125,43.77398681640625,-158.4087371826172
5206.222060666667,"gyro",-0.006884803995490074,-0.0021462414879351854,-0.008215319365262985
5206.222060666667,"acc",-0.001617431640625,-1.0015411376953125,-0.013641357421875
5206.237360666667,"mag",107.53633117675781,43.920166015625,-158.30804443359375
5206.238314666667,"gyro",-0.006596916355192661,-0.0020988371688872576,-0.006179066374897957
5206.238314666667,"acc",-0.0014801025390625,-1.0018463134765625,-0.0143280029296875
5206.254568666667,"gyro",-0.007215036079287529,-0.001157143502496183,-0.0059630838222801685
5206.254568666667,"acc",-0.00146484375,-1.001220703125,-0.01416015625
5206.257240666667,"mag",107.71359252929688,44.03662109375,-157.95077514648438
5206.270822666667,"gyro",-0.004888232331722975,-0.0008431567694060504,-0.005683451890945435
5206.270822666667,"acc",-0.0021514892578125,-1.00152587890625,-0.0145263671875
5206.277119666667,"mag",107.54435729980469,43.88285827636719,-158.04183959960938
5206.287076666667,"gyro",-0.0065164887346327305,-0.004740959499031305,-0.007242200430482626
5206.287076666667,"acc",-0.0018768310546875,-1.0018463134765625,-0.0142364501953125
5206.296996666667,"mag",107.46994018554688,43.849761962890625,-158.135498046875
5206.303330666667,"gyro",-0.008699482306838036,-0.0014564828015863895,-0.007315969560295343
5206.303330666667,"acc",-0.0025177001953125,-1.00091552734375,-0.01416015625
5206.316874666667,"mag",107.57717895507812,43.529327392578125,-158.1996307373047
5206.319584666667,"gyro",-0.004991828929632902,-0.003712979145348072,-0.005556153133511543
5206.319584666667,"acc",-0.0022125244140625,-1.0010833740234375,-0.013671875
5206.335838666667,"gyro",-0.0076392777264118195,-0.0021523667965084314,-0.004971056245267391
5206.335838666667,"acc",-0.001739501953125,-1.000762939453125,-0.0142974853515625
5206.336752666667,"mag",107.36016845703125,43.79722595214844,-158.07305908203125
5206.3421685,"uwb",5.090476,0.0,141.37166
5206.352092666667,"gyro",-0.006477074231952429,-0.0017600831342861056,-0.006132993847131729
5206.352092666667,"acc",-0.001861572265625,-1.000823974609375,-0.013702392578125
5206.356629666667,"mag",107.19343566894531,44.10284423828125,-158.3809356689453
5206.368346666667,"gyro",-0.007472829893231392,-0.0035111114848405123,-0.006307164207100868
5206.368346666667,"acc",-0.0029296875,-1.0009918212890625,-0.0125274658203125
5206.376507666667,"mag",107.2904052734375,43.613800048828125,-158.5547637939453
5206.384600666667,"gyro",-0.005406749434769154,-0.00012516857532318681,-0.008094411343336105
5206.384600666667,"acc",-0.0026092529296875,-1.0019073486328125,-0.0143280029296875
5206.396384666667,"mag",107.65913391113281,43.90516662597656,-158.33538818359375
5206.400854666667,"gyro",-0.004944690968841314,-0.002091913018375635,-0.006328735966235399
5206.400854666667,"acc",-0.0017547607421875,-1.0013885498046875,-0.01531982421875
5206.416264666667,"mag",107.47543334960938,43.89128112792969,-158.06101989746094
5206.4171086666665,"gyro",-0.005789978429675102,-0.0026069683954119682,-0.006029130425304174
5206.4171086666665,"acc",-0.0023345947265625,-1.00164794921875,-0.014007568359375
5206.433362666667,"gyro",-0.007821171544492245,-0.002837598090991378,-0.00643686018884182
5206.433362666667,"acc",-0.0009918212890625,-1.000762939453125,-0.0148468017578125
5206.436141666667,"mag",107.53762817382812,43.831939697265625,-158.1788787841797
5206.449616666667,"gyro",-0.00839481595903635,-0.0023470439482480288,-0.007466171868145466
5206.449616666667,"acc",-0.0019073486328125,-1.0016632080078125,-0.0141448974609375
5206.456018666667,"mag",107.8192138671875,43.617584228515625,-158.34178161621094
5206.465870666667,"gyro",-0.008419050835072994,-0.0012428972404450178,-0.007655522786080837
5206.465870666667,"acc",-0.001983642578125,-1.0011138916015625,-0.0140838623046875
5206.475894666667,"mag",107.71696472167969,43.765533447265625,-158.46688842773438
5206.482124666667,"gyro",-0.005319930613040924,-0.002094309777021408,-0.007254184223711491
5206.482124666667,"acc",-0.001556396484375,-1.0015869140625,-0.013885498046875
5206.495769666667,"mag",107.61167907714844,43.749481201171875,-158.21234130859375
5206.498378666667,"gyro",-0.007878695614635944,-0.002508165081962943,-0.007231014780700207
5206.498378666667,"acc",-0.0018768310546875,-1.001129150390625,-0.014862060546875
5206.514632666667,"gyro",-0.005797967780381441,-0.0016112125013023615,-0.007647533435374498
5206.514632666667,"acc",-0.00177001953125,-1.0010223388671875,-0.014495849609375
5206.515645666667,"mag",107.66043090820312,43.728302001953125,-158.29493713378906
5206.522385041667,"uwb",5.122779,0.0,141.37166
5206.530886666667,"gyro",-0.009127452038228512,-0.0014588796766474843,-0.007316235918551683
5206.530886666667,"acc",-0.0023651123046875,-1.00164794921875,-0.01446533203125
5206.535521666667,"mag",107.59565734863281,43.40122985839844,-158.23583984375
5206.547140666667,"gyro",-0.005592638161033392,-0.001142496126703918,-0.007098389323800802
5206.547140666667,"acc",-0.001739501953125,-1.00164794921875,-0.0138397216796875
5206.555396666667,"mag",107.35737609863281,43.85054016113281,-158.78814697265625
5206.563394666667,"gyro",-0.008266185410320759,-0.0033337450586259365,-0.006134857889264822
5206.563394666667,"acc",-0.00250244140625,-1.0015106201171875,-0.0149383544921875
5206.575270666667,"mag",107.36045837402344,43.72563171386719,-157.69644165039062
5206.579648666667,"gyro",-0.005826463922858238,-0.0035305526107549667,-0.00666456064209342
5206.579648666667,"acc",-0.00213623046875,-1.001495361328125,-0.0145721435546875
5206.595145666667,"mag",107.69233703613281,43.59526062011719,-157.84735107421875
5206.595902666667,"gyro",-0.004930576309561729,-0.0035665053874254227,-0.008192948997020721
5206.595902666667,"acc",-0.00140380859375,-1.001861572265625,-0.014801025390625
5206.612156666667,"gyro",-0.00908537395298481,-0.004351338837295771,-0.0047026099637150764
5206.612156666667,"acc",-0.0013427734375,-1.000885009765625,-0.014007568359375
5206.615021666667,"mag",107.50889587402344,43.851043701171875,-158.25022888183594
5206.628410666667,"gyro",-0.005825132131576538,-0.0015195996966212988,-0.007180680986493826
5206.628410666667,"acc",-0.001617431640625,-1.0018463134765625,-0.014312744140625
5206.634896666667,"mag",107.39144897460938,43.74223327636719,-158.1752471923828
5206.644664625001,"gyro",-0.003916444722563028,-0.0023193468805402517,-0.006188387516885996
5206.644664625001,"acc",-0.00225830078125,-1.000762939453125,-0.01434326171875
5206.654773625,"mag",107.32003784179688,43.7679443359375,-158.46412658691406
5206.660918625001,"gyro",-0.005843241699039936,-0.002743322169408202,-0.007936219684779644
5206.660918625001,"acc",-0.001800537109375,-1.0015716552734375,-0.013671875
5206.674649625001,"mag",107.60395812988281,43.90190124511719,-158.41329956054688
5206.682173625,"gyro",-0.006485329940915108,-0.003391801845282316,-0.006077599711716175
5206.693426625,"acc",-0.0024871826171875,-1.00140380859375,-0.0146484375
5206.694523625,"mag",107.61944580078125,43.65486145019531,-158.19850158691406
5206.702178625001,"gyro",-0.00631994754076004,-0.004424309358000755,-0.007759652566164732
5206.703033875,"uwb",5.1428494,0.0,141.37166
5206.713431625,"acc",-0.0020904541015625,-1.001953125,-0.0142059326171875
5206.714400625,"mag",107.56935119628906,43.804168701171875,-158.7242889404297
5206.722183625,"gyro",-0.005922603886574507,-0.0016375777777284384,-0.00759906368330121
5206.733436625001,"acc",-0.001373291015625,-1.001556396484375,-0.0132904052734375
5206.734277625001,"mag",107.69129943847656,43.883514404296875,-158.77943420410156
5206.742188625,"gyro",-0.00666349520906806,-0.0019313243683427572,-0.007031810469925404
5206.753440625001,"acc",-0.0023956298828125,-1.001617431640625,-0.01458740234375
5206.754153625,"mag",107.4544677734375,43.7427978515625,-158.56788635253906
5206.762193625001,"gyro",-0.007962052710354328,-0.002261556452140212,-0.008593754842877388
5206.773445625,"acc",-0.00146484375,-1.001556396484375,-0.0145416259765625
5206.774030625001,"mag",107.76966857910156,44.09416198730469,-158.24949645996094
5206.782198625,"gyro",-0.006952448282390833,-0.0012783173006027937,-0.007932225242257118
5206.793450625,"acc",-0.002349853515625,-1.0005645751953125,-0.0130462646484375
5206.793906625,"mag",107.62464904785156,43.60670471191406,-158.64776611328125
5206.795498,"uwb",5.1428494,0.0,141.37166
5206.802203625,"gyro",-0.007243531756103039,-0.0008175904513336718,-0.005048554390668869
5206.810900291667,"uwb",5.1428494,0.0,141.37166
5206.813455625001,"acc",-0.001983642578125,-1.0016937255859375,-0.0132293701171875
5206.813778625,"mag",107.274658203125,43.46720886230469,-158.67352294921875
5206.822207625,"gyro",-0.007408647798001766,-0.0037800907157361507,-0.005923669319599867
5206.827785708334,"uwb",5.1428494,0.0,141.37166
5206.833460625,"acc",-0.001495361328125,-1.0013427734375,-0.013885498046875
5206.833653625,"mag",107.77772521972656,43.8389892578125,-158.39088439941406
5206.842212625001,"gyro",-0.005508748814463615,-0.0023238742724061012,-0.006409962195903063
5206.844825875,"uwb",5.1428494,0.0,141.37166
5206.853465625,"acc",-0.0012359619140625,-1.0014495849609375,-0.0129241943359375
5206.8535306250005,"mag",107.77537536621094,44.012603759765625,-158.3894500732422
5206.862217625,"gyro",-0.0073407371528446674,-0.004032026045024395,-0.008035555481910706
5206.873470625001,"acc",-0.0023651123046875,-1.002044677734375,-0.014129638671875
5206.873406625,"mag",107.50736999511719,43.74971008300781,-158.69186401367188
5206.882222625,"gyro",-0.007504521403461695,-0.0025875272694975138,-0.006049370393157005
5206.884546333334,"uwb",5.19057,0.0,141.37166
5206.893475625,"acc",-0.0014495849609375,-1.00213623046875,-0.01373291015625
5206.893282625,"mag",107.56845092773438,43.77723693847656,-157.85848999023438
5206.895054375001,"uwb",5.19057,0.0,141.37166
5206.902227625001,"gyro",-0.007200921420007944,-0.0016783240716904402,-0.007682953495532274
5206.911783666667,"uwb",5.19057,0.0,141.37166
5206.913480625,"acc",-0.0018463134765625,-1.000732421875,-0.014007568359375
5206.9131586250005,"mag",107.83695983886719,43.48912048339844,-158.3126678466797
5206.922232625,"gyro",-0.007043794728815556,-0.002304699504747987,-0.00891040451824665
5206.928802416667,"uwb",5.19057,0.0,141.37166
5206.933485625001,"acc",-0.002105712890625,-1.001129150390625,-0.0123748779296875
5206.933032625,"mag",107.78654479980469,43.76020812988281,-158.3269805908203
5206.942237625,"gyro",-0.006999586243182421,-0.0027265443932265043,-0.007478422485291958
5206.945087041667,"uwb",5.19057,0.0,141.37166
5206.952898625001,"mag",107.2947998046875,43.85748291015625,-158.4698944091797
5206.953490625,"acc",-0.002166748046875,-1.0014190673828125,-0.0144805908203125
5206.961786125,"uwb",5.19057,0.0,141.37166
5206.962242625001,"gyro",-0.007443801499903202,-0.003635747591033578,-0.006099704187363386
5206.972764625,"mag",107.41862487792969,43.69984436035156,-158.39529418945312
5206.973495625,"acc",-0.0019989013671875,-1.0013275146484375,-0.0142974853515625
5206.979045833334,"uwb",5.19057,0.0,141.37166
5206.982247625,"gyro",-0.005560680292546749,-0.0021992383990436792,-0.0044983453117311
5206.992630625,"mag",107.65821838378906,43.91084289550781,-158.74107360839844
5206.993500625001,"acc",-0.0012664794921875,-1.000518798828125,-0.013641357421875
5206.995655000001,"uwb",5.19057,0.0,141.37166
5207.002252625,"gyro",-0.006388657260686159,-0.005537777207791805,-0.00869282428175211
5207.012442958334,"uwb",5.19057,0.0,141.37166
5207.012495625,"mag",107.68009948730469,43.68511962890625,-158.6358642578125
5207.013505625,"acc",-0.0022430419921875,-1.0011749267578125,-0.013824462890625
5207.022257625001,"gyro",-0.005431517027318478,-0.0010255833622068167,-0.007213437929749489
5207.029188583334,"uwb",5.19057,0.0,141.37166
5207.032359625,"mag",107.57455444335938,43.766632080078125,-158.88693237304688
5207.033510625,"acc",-0.0019378662109375,-1.001556396484375,-0.012786865234375
5207.042262625,"gyro",-0.004770786967128515,-0.0009467537747696042,-0.007242732681334019
5207.052223625,"mag",107.94790649414062,43.95326232910156,-158.49427795410156
5207.053515625001,"acc",-0.00146484375,-1.002105712890625,-0.0130615234375
5207.0622676250005,"gyro",-0.00689092930406332,-0.002526541007682681,-0.007143396884202957
5207.067275791667,"uwb",5.193475,0.0,141.37166
5207.0721006250005,"mag",107.4892578125,43.62554931640625,-158.5913848876953
5207.073520625,"acc",-0.0015716552734375,-1.0009613037109375,-0.0131378173828125
5207.0786404166665,"uwb",5.193475,0.0,141.37166
5207.082272625001,"gyro",-0.007321296259760857,-0.002653307281434536,-0.005976133514195681
5207.091977625,"mag",107.62654113769531,43.959075927734375,-158.76260375976562
5207.093525625,"acc",-0.002288818359375,-1.00146484375,-0.0132293701171875
5207.096236375,"uwb",5.193475,0.0,141.37166
5207.102277625,"gyro",-0.005090366117656231,-0.0005837649223394692,-0.00743314903229475
5207.111852625,"mag",107.47186279296875,43.686279296875,-158.3614044189453
5207.113471083334,"uwb",5.193475,0.0,141.37166
5207.113529625,"acc",-0.002105712890625,-1.0013885498046875,-0.0128631591796875
5207.1222826250005,"gyro",-0.006491188891232014,-0.0017963021527975798,-0.005929794628173113
5207.129795208333,"uwb",5.193475,0.0,141.37166
5207.131729625,"mag",107.50776672363281,43.604583740234375,-158.39483642578125
5207.133534625001,"acc",-0.0013275146484375,-1.00079345703125,-0.012908935546875
5207.142287625,"gyro",-0.005139368120580912,-0.004244545940309763,-0.006392385344952345
5207.1461845,"uwb",5.193475,0.0,141.37166
5207.151607625,"mag",107.31178283691406,43.88594055175781,-158.55401611328125
5207.153539625,"acc",-0.0028533935546875,-1.001617431640625,-0.0124053955078125
5207.162292625,"gyro",-0.007585481740534306,-0.004223507363349199,-0.005642705596983433
5207.163391,"uwb",5.193475,0.0,141.37166
5207.171485625,"mag",107.41584777832031,43.52178955078125,-159.09027099609375
5207.173544625,"acc",-0.0014801025390625,-1.0010986328125,-0.0134124755859375
5207.179895958334,"uwb",5.193475,0.0,141.37166
5207.1822976250005,"gyro",-0.005953230429440737,0.000755805114749819,-0.009109608829021454
5207.191363625,"mag",107.63865661621094,43.66888427734375,-158.29750061035156
5207.193549625001,"acc",-0.00177001953125,-1.001312255859375,-0.0135345458984375
5207.1957223750005,"uwb",5.193475,0.0,141.37166
5207.2023016250005,"gyro",-0.006653907708823681,-0.002514556748792529,-0.007397462613880634
5207.211241625,"mag",107.50460815429688,43.40666198730469,-158.16836547851562
5207.213554625,"acc",-0.0024261474609375,-1.0010223388671875,-0.013336181640625
5207.222306625,"gyro",-0.0052964948117733,-0.0017100156983360648,-0.007693605963140726
5207.231118625,"mag",107.19609069824219,43.60612487792969,-158.44309997558594
5207.233559625,"acc",-0.00213623046875,-1.00103759765625,-0.0137481689453125
5207.242365041667,"uwb",5.1854553,0.0,141.37166
5207.242311625,"gyro",-0.010067814029753208,-0.002514024032279849,-0.00663473317399621
5207.245561000001,"uwb",5.1854553,0.0,141.37166
5207.250994625,"mag",107.16084289550781,44.0516357421875,-158.40231323242188
5207.253564625001,"acc",-0.0020904541015625,-1.000823974609375,-0.0141754150390625
5207.2623166250005,"gyro",-0.006882140878587961,-0.0007845672662369907,-0.006998787168413401
5207.263843083334,"uwb",5.1854553,0.0,141.37166
5207.270869625,"mag",107.37937927246094,43.62742614746094,-158.39486694335938
5207.273569625,"acc",-0.00128173828125,-1.0018310546875,-0.013153076171875
5207.279891416667,"uwb",5.1854553,0.0,141.37166
5207.282321625,"gyro",-0.004818723537027836,-0.003142263740301132,-0.006387591827660799
5207.290747625,"mag",107.22930908203125,43.64106750488281,-158.3618621826172
5207.2935746250005,"acc",-0.0030059814453125,-1.001708984375,-0.014068603515625
5207.296760708334,"uwb",5.1854553,0.0,141.37166
5207.302326625,"gyro",-0.0052019525319337845,-0.0025648903101682663,-0.008599081076681614
5207.310627625,"mag",107.26113891601562,43.5858154296875,-158.3423614501953
5207.313500833334,"uwb",5.1854553,0.0,141.37166
5207.313579625,"acc",-0.0017547607421875,-1.0016632080078125,-0.0138397216796875
5207.3223316250005,"gyro",-0.0036794233601540327,-0.00253532943315804,-0.006649913266301155
5207.330714625,"uwb",5.1854553,0.0,141.37166
5207.330506625,"mag",107.57061767578125,43.58575439453125,-158.35899353027344
5207.333584625,"acc",-0.001190185546875,-1.0014495849609375,-0.0129852294921875
5207.342336625,"gyro",-0.007352721411734819,-3.302319601061754e-05,-0.005567604675889015
5207.347002291667,"uwb",5.1854553,0.0,141.37166
5207.350385625,"mag",107.60769653320312,43.56758117675781,-158.54147338867188
5207.3535896250005,"acc",-0.0022735595703125,-1.0015716552734375,-0.0132904052734375
5207.362341625,"gyro",-0.0037470676470547915,-0.0032868734560906887,-0.007448861375451088
5207.364123708334,"uwb",5.1854553,0.0,141.37166
5207.370265625001,"mag",107.60736083984375,43.62278747558594,-158.49502563476562
5207.373594625,"acc",-0.0020599365234375,-1.0007476806640625,-0.013275146484375
5207.380557750001,"uwb",5.1854553,0.0,141.37166
5207.3823466250005,"gyro",-0.006688262801617384,-0.0033968619536608458,-0.0073047843761742115
5207.390144625,"mag",107.58534240722656,43.6138916015625,-158.44573974609375
5207.393599625,"acc",-0.0011138916015625,-1.0009765625,-0.0134124755859375
5207.402351625,"gyro",-0.0056978329084813595,-0.001826395862735808,-0.00771677540615201
5207.410022625,"mag",107.59124755859375,43.65220642089844,-158.33502197265625
5207.4136046250005,"acc",-0.001983642578125,-1.0018768310546875,-0.013153076171875
5207.422356625,"gyro",-0.00544323492795229,-0.004778509959578514,-0.010003365576267242
5207.423383208334,"uwb",5.1680403,0.0,141.37166
5207.4298986250005,"mag",107.41558837890625,43.62348937988281,-158.7567901611328
5207.431695833334,"uwb",5.1680403,0.0,141.37166
5207.433609625,"acc",-0.0025177001953125,-1.0010223388671875,-0.012939453125
5207.442361625001,"gyro",-0.00452950457111001,-0.002119077369570732,-0.007675496395677328
5207.447456041667,"uwb",5.1680403,0.0,141.37166
5207.449776625001,"mag",107.80746459960938,43.87300109863281,-158.2093963623047
5207.453614625,"acc",-0.0014801025390625,-1.00140380859375,-0.0131072998046875
5207.462366625,"gyro",-0.004217914305627346,-0.004181162919849157,-0.006088785361498594
5207.464979750001,"uwb",5.1680403,0.0,141.37166
5207.469656625,"mag",107.59529113769531,43.94056701660156,-158.6265869140625
5207.4736196250005,"acc",-0.0011444091796875,-1.0013275146484375,-0.0135498046875
5207.479875416667,"uwb",5.1680403,0.0,141.37166
5207.482371625,"gyro",-0.006175337824970484,-0.0024027039762586355,-0.006402505561709404
5207.4895346250005,"mag",107.32142639160156,43.65629577636719,-158.2422332763672
5207.493624625,"acc",-0.0019378662109375,-1.0006866455078125,-0.013641357421875
5207.497721208334,"uwb",5.1680403,0.0,141.37166
5207.502376625001,"gyro",-0.006577474996447563,-0.003930559381842613,-0.008134359493851662
5207.509412625001,"mag",107.47421264648438,43.915924072265625,-157.87103271484375
5207.513629625,"acc",-0.0018157958984375,-1.0015716552734375,-0.0131683349609375
5207.514837875,"uwb",5.1680403,0.0,141.37166
5207.522381625,"gyro",-0.003013899317011237,-0.0017741979099810123,-0.005348692648112774
5207.5292876250005,"mag",107.49894714355469,43.75177001953125,-157.93408203125
5207.531216958334,"uwb",5.1680403,0.0,141.37166
5207.533634625001,"acc",-0.0012664794921875,-1.001312255859375,-0.0134124755859375
5207.542386625,"gyro",-0.00872291810810566,-0.0024956483393907547,-0.005254416726529598
5207.54781,"uwb",5.1680403,0.0,141.37166
5207.549166625,"mag",107.40547180175781,43.80482482910156,-157.7137908935547
5207.553639625,"acc",-0.0028839111328125,-1.0008392333984375,-0.0126800537109375
5207.562391625001,"gyro",-0.00717562111094594,-0.0024082965683192015,-0.00711623253300786
5207.565108000001,"uwb",5.1680403,0.0,141.37166
5207.569046625001,"mag",107.23921203613281,43.93821716308594,-158.1554412841797
5207.573644625,"acc",-0.0026397705078125,-1.0007476806640625,-0.0122222900390625
5207.582396625,"gyro",-0.007555654272437096,-0.0034173682797700167,-0.008043278940021992
5207.588926625001,"mag",107.30122375488281,43.530242919921875,-158.27284240722656
5207.593649625001,"acc",-0.002044677734375,-1.0011138916015625,-0.0140838623046875
5207.602401625,"gyro",-0.00771890627220273,-0.0020604876335710287,-0.004880508873611689
5207.608804625001,"mag",107.055419921875,43.819427490234375,-158.12301635742188
5207.613654625,"acc",-0.001190185546875,-1.0011444091796875,-0.0128631591796875
5207.622406625001,"gyro",-0.007272293791174889,-0.003254915354773402,-0.00640889722853899
5207.628683625,"mag",107.52438354492188,43.74458312988281,-158.4669952392578
5207.633659625,"acc",-0.0016632080078125,-1.001190185546875,-0.0127410888671875
5207.642411875,"gyro",-0.009101619012653828,-4.420847471919842e-05,-0.007152451667934656
5207.648561875,"mag",107.45930480957031,43.75457763671875,-158.38992309570312
5207.653664875001,"acc",-0.00164794921875,-1.0012969970703125,-0.0141448974609375
5207.662416875,"gyro",-0.006726345978677273,-0.0006601976347155869,-0.0070278155617415905
5207.665543583334,"uwb",5.144888,0.0,141.37166
5207.668439875,"mag",107.34132385253906,43.984832763671875,-158.08885192871094
5207.673669875,"acc",-0.002166748046875,-1.0010223388671875,-0.0127105712890625
5207.6812919583335,"uwb",5.144888,0.0,141.37166
5207.682421875001,"gyro",-0.006427006796002388,-0.0015563513152301311,-0.007656321860849857
5207.688315875001,"mag",107.41262817382812,43.84706115722656,-158.739990234375
5207.693674875,"acc",-0.0024261474609375,-1.0015106201171875,-0.0129241943359375
5207.698550125,"uwb",5.144888,0.0,141.37166
5207.702426875,"gyro",-0.0073380740359425545,-0.0013659353135153651,-0.007577226031571627
5207.708192875,"mag",107.76997375488281,43.98347473144531,-158.04275512695312
5207.713679875001,"acc",-0.0016021728515625,-1.0013885498046875,-0.0129547119140625
5207.714980333334,"uwb",5.144888,0.0,141.37166
5207.722432875,"gyro",-0.006686931010335684,-0.0022471752017736435,-0.006197708658874035
5207.728071875001,"mag",107.68374633789062,43.979248046875,-158.33242797851562
5207.731727791667,"uwb",5.144888,0.0,141.37166
5207.733684875,"acc",-0.0011749267578125,-1.0009765625,-0.0132904052734375
5207.742437875,"gyro",-0.006783337332308292,-0.000821318884845823,-0.006942062173038721
5207.748229625,"uwb",5.144888,0.0,141.37166
5207.747950875,"mag",107.490234375,43.84059143066406,-158.6274871826172
5207.753689875,"acc",-0.0019073486328125,-1.000701904296875,-0.01348876953125
5207.7624428750005,"gyro",-0.003063966752961278,-0.003070624778047204,-0.007671501953154802
5207.767824875001,"mag",107.28353881835938,44.00059509277344,-157.8421173095703
5207.773694875001,"acc",-0.0018768310546875,-1.001800537109375,-0.012237548828125
5207.782447875,"gyro",-0.005510612856596708,-0.002344913315027952,-0.0073804184794425964
5207.787690875,"mag",107.57958984375,43.74659729003906,-158.17616271972656
5207.793699875,"acc",-0.0011749267578125,-1.0020294189453125,-0.0137481689453125
5207.802452875,"gyro",-0.005608617328107357,-0.0018050905782729387,-0.004004062619060278
5207.807556875,"mag",107.58619689941406,43.59638977050781,-158.2514190673828
5207.813704875,"acc",-0.00250244140625,-1.001190185546875,-0.01300048828125
5207.8224578750005,"gyro",-0.008729576133191586,-0.002740392694249749,-0.008380435407161713
5207.827424875,"mag",107.43144226074219,43.52392578125,-158.20008850097656
5207.833709875001,"acc",-0.0021209716796875,-1.001190185546875,-0.0133209228515625
5207.842462875,"gyro",-0.007874701172113419,-0.0028575719334185123,-0.007873369380831718
5207.848321708334,"uwb",5.142696,0.0,141.37166
5207.847292875001,"mag",107.38899230957031,43.811920166015625,-157.73541259765625
5207.8537158750005,"acc",-0.0013427734375,-1.0003509521484375,-0.0137176513671875
5207.862467875,"gyro",-0.006623814348131418,-0.003064499469473958,-0.00669465446844697
5207.866552750001,"uwb",5.142696,0.0,141.37166
5207.867168875,"mag",107.43206787109375,43.895477294921875,-157.80885314941406
5207.873720875,"acc",-0.0019989013671875,-1.001068115234375,-0.0127410888671875
5207.881876083334,"uwb",5.142696,0.0,141.37166
5207.8824728750005,"gyro",-0.004276770167052746,-0.002344913315027952,-0.005077582783997059
5207.887049875,"mag",107.49295043945312,43.806793212890625,-158.02969360351562
5207.893725875,"acc",-0.001678466796875,-1.00115966796875,-0.013946533203125
5207.898682875,"uwb",5.142696,0.0,141.37166
5207.902477875,"gyro",-0.008435828611254692,-0.0018543590558692813,-0.008334096521139145
5207.906927875,"mag",107.3037109375,43.40226745605469,-158.175048828125
5207.9137308750005,"acc",-0.0016937255859375,-1.000823974609375,-0.01239013671875
5207.915897208333,"uwb",5.142696,0.0,141.37166
5207.922482875,"gyro",-0.006192381959408522,-0.001856223214417696,-0.005208876915276051
5207.926805875,"mag",107.44671630859375,43.570343017578125,-158.4241943359375
5207.933735875,"acc",-0.0016021728515625,-1.0015106201171875,-0.0127105712890625
5207.942487875001,"gyro",-0.007339938078075647,-0.0030626351945102215,-0.009465673007071018
5207.946681875001,"mag",107.80220031738281,43.6251220703125,-158.04537963867188
5207.953740875,"acc",-0.0021209716796875,-1.00091552734375,-0.0128173828125
5207.962492875,"gyro",-0.00418276060372591,-0.0017443705582991242,-0.009003082290291786
5207.966559875001,"mag",107.6182861328125,43.74571228027344,-158.3747100830078
5207.9737458750005,"acc",-0.001434326171875,-1.0016021728515625,-0.0124359130859375
5207.982497875,"gyro",-0.005913016386330128,-0.0018335863715037704,-0.0050099384970963
5207.986438875,"mag",107.28425598144531,43.94889831542969,-158.23583984375
5207.993750875,"acc",-0.0026702880859375,-1.001373291015625,-0.013153076171875
5208.002502875001,"gyro",-0.005838980432599783,-0.0034554514568299055,-0.006146309431642294
5208.006315875,"mag",107.6114501953125,43.61216735839844,-158.39794921875
5208.013755875,"acc",-0.002166748046875,-1.0013275146484375,-0.01348876953125
5208.016661833333,"uwb",5.1400642,0.0,141.37166
5208.022507875,"gyro",-0.006363090593367815,-0.0032740901224315166,-0.009065666235983372
5208.026194875,"mag",107.45127868652344,44.01811218261719,-158.1461639404297
5208.033129041667,"uwb",5.1400642,0.0,141.37166
5208.033760875001,"acc",-0.0017852783203125,-1.001495361328125,-0.0128173828125
5208.042512875,"gyro",-0.0070762853138148785,-0.0029800771735608578,-0.008101602084934711
5208.046072875,"mag",107.58808898925781,43.88563537597656,-157.9976348876953
5208.049661,"uwb",5.1400642,0.0,141.37166
5208.053765875,"acc",-0.001617431640625,-1.0013427734375,-0.0135650634765625
5208.062517875001,"gyro",-0.006203034892678261,-0.001957423286512494,-0.00821105856448412
5208.065949875,"mag",107.40220642089844,43.66032409667969,-158.24659729003906
5208.069715125001,"uwb",5.1400642,0.0,141.37166
5208.073770875,"acc",-0.001708984375,-1.0013427734375,-0.01373291015625
5208.082522875,"gyro",-0.006037652492523193,-0.002033855998888612,-0.006068544927984476
5208.0837485833335,"uwb",5.1400642,0.0,141.37166
5208.085826875001,"mag",107.11978149414062,43.51850891113281,-158.33807373046875
5208.093775875001,"acc",-0.001708984375,-1.0015869140625,-0.0125274658203125
5208.098926291667,"uwb",5.1400642,0.0,141.37166
5208.102527875,"gyro",-0.008525311015546322,-0.00022317290131468326,-0.009225456044077873
5208.1057038750005,"mag",107.37059020996094,43.747467041015625,-158.46958923339844
5208.113780875,"acc",-0.0022125244140625,-1.0017852783203125,-0.01373291015625
5208.122532875001,"gyro",-0.007821704261004925,-0.0008066715090535581,-0.007697867229580879
5208.125580875,"mag",107.53398132324219,43.77520751953125,-158.23345947265625
5208.133785875,"acc",-0.0018463134765625,-1.0013427734375,-0.0124359130859375
5208.142537875,"gyro",-0.005332713946700096,-0.0025888588279485703,-0.007727960590273142
5208.1454568750005,"mag",107.70030212402344,43.8988037109375,-158.02259826660156
5208.153790875001,"acc",-0.0014495849609375,-1.0012054443359375,-0.01263427734375
5208.162543875001,"gyro",-0.006252569612115622,-0.0016620787791907787,-0.006325540132820606
5208.165333875,"mag",107.24650573730469,43.53163146972656,-158.0710906982422
5208.173795875,"acc",-0.0018768310546875,-1.0020904541015625,-0.01220703125
5208.182548875,"gyro",-0.007619037292897701,-0.002554770326241851,-0.007422229740768671
5208.185211875,"mag",107.30540466308594,43.77485656738281,-158.14598083496094
5208.193800875,"acc",-0.0007476806640625,-1.000396728515625,-0.0139617919921875
5208.1989015,"uwb",5.1430573,0.0,141.37166
5208.202553875,"gyro",-0.005846171174198389,-0.0036759611684828997,-0.005802495405077934
5208.205088875,"mag",107.54067993164062,43.470550537109375,-157.92237854003906
5208.213805875001,"acc",-0.0016632080078125,-1.0014190673828125,-0.012847900390625
5208.216820958333,"uwb",5.1430573,0.0,141.37166
5208.222558875001,"gyro",-0.006883472204208374,-0.0033217607997357845,-0.006885336712002754
5208.224965875001,"mag",107.25550842285156,43.622802734375,-157.9594268798828
5208.233666708334,"uwb",5.1430573,0.0,141.37166
5208.233811875,"acc",-0.00189208984375,-1.0013427734375,-0.01275634765625
5208.242563875,"gyro",-0.0059785302728414536,-0.003335076617076993,-0.00697828084230423
5208.244841875,"mag",107.50749206542969,43.87696838378906,-157.95765686035156
5208.25016725,"uwb",5.1430573,0.0,141.37166
5208.253816875001,"acc",-0.002349853515625,-1.001434326171875,-0.013031005859375
5208.262568875,"gyro",-0.004854409955441952,-0.003802461316809058,-0.005310343112796545
5208.264720875,"mag",107.14546203613281,43.61375427246094,-157.865966796875
5208.2671649583335,"uwb",5.1430573,0.0,141.37166
5208.273821875,"acc",-0.00201416015625,-1.0015869140625,-0.012786865234375
5208.282573875001,"gyro",-0.008666991256177425,0.0010612696642056108,-0.006127134896814823
5208.283792416667,"uwb",5.1430573,0.0,141.37166
5208.2845988750005,"mag",107.46334838867188,43.758087158203125,-158.30958557128906
5208.293826875,"acc",-0.001678466796875,-1.0013427734375,-0.01251220703125
5208.302578875,"gyro",-0.006878678686916828,-0.004052532371133566,-0.007583617232739925
5208.304466875,"mag",107.53984069824219,43.622283935546875,-157.96890258789062
5208.313831875001,"acc",-0.0020751953125,-1.0020294189453125,-0.0129852294921875
5208.322583875,"gyro",-0.007754858583211899,-0.0020130835473537445,-0.008097874000668526
5208.324329875,"mag",106.95208740234375,43.64521789550781,-158.05978393554688
5208.333836875,"acc",-0.0009002685546875,-1.0019989013671875,-0.012664794921875
5208.342588875001,"gyro",-0.005356948357075453,-0.002674079965800047,-0.005640575196594
5208.344192875,"mag",107.31973266601562,43.841033935546875,-157.7880096435547
5208.353841875,"acc",-0.001617431640625,-1.0013427734375,-0.0133209228515625
5208.362593875,"gyro",-0.006351106334477663,-0.0054456316865980625,-0.005994509439915419
5208.364055875,"mag",107.32572937011719,43.69960021972656,-157.72055053710938
5208.373846875001,"acc",-0.0018463134765625,-1.001922607421875,-0.012969970703125
5208.382598875,"gyro",-0.005277319811284542,-0.0005797701887786388,-0.007208644412457943
5208.384343791667,"uwb",5.152612,0.0,141.37166
5208.383918875001,"mag",107.65005493164062,43.591400146484375,-158.14013671875
5208.393851875,"acc",-0.001983642578125,-1.000946044921875,-0.0128326416015625
5208.4007350833335,"uwb",5.152612,0.0,141.37166
5208.402603875001,"gyro",-0.007799599785357714,-0.0022623552940785885,-0.006905310321599245
5208.403784875,"mag",107.6439208984375,44.11470031738281,-157.92808532714844
5208.413856875,"acc",-0.00164794921875,-1.001007080078125,-0.013824462890625
5208.416730416667,"uwb",5.152612,0.0,141.37166
5208.4226098750005,"gyro",-0.006271477788686752,-0.002672215923666954,-0.006127134896814823
5208.423648875,"mag",107.58441162109375,43.74736022949219,-158.12210083007812
5208.433776458333,"uwb",5.152612,0.0,141.37166
5208.433861875001,"acc",-0.0018310546875,-1.0019683837890625,-0.0129241943359375
5208.442614875,"gyro",-0.006813164800405502,-0.0016817862633615732,-0.004752943757921457
5208.443512875,"mag",107.75880432128906,43.66314697265625,-157.89881896972656
5208.449995375,"uwb",5.152612,0.0,141.37166
5208.453866875,"acc",-0.0020751953125,-1.0009918212890625,-0.013519287109375
5208.462619875,"gyro",-0.0076238312758505344,-0.0013512879377231002,-0.007514375261962414
5208.4633838750005,"mag",107.34779357910156,43.813079833984375,-158.03823852539062
5208.467016666667,"uwb",5.152612,0.0,141.37166
5208.473872875,"acc",-0.0017242431640625,-1.0014190673828125,-0.0132904052734375
5208.4826248750005,"gyro",-0.005841111298650503,-0.001820803270675242,-0.0076091839000582695
5208.483259875,"mag",107.22915649414062,43.93446350097656,-157.99270629882812
5208.493877875,"acc",-0.002655029296875,-1.0016632080078125,-0.0117950439453125
5208.502629875,"gyro",-0.007013434544205666,-0.0025965820532292128,-0.009720271453261375
5208.503137875,"mag",107.42689514160156,44.13232421875,-158.20297241210938
5208.5138828750005,"acc",-0.0012664794921875,-1.0015716552734375,-0.0129547119140625
5208.522634875,"gyro",-0.007469900418072939,-0.004179032519459724,-0.007112504448741674
5208.523017875001,"mag",107.55976867675781,44.027374267578125,-158.18692016601562
5208.533887875,"acc",-0.0015716552734375,-1.00103759765625,-0.0128173828125
5208.5426398750005,"gyro",-0.006740194279700518,-0.0032237565610557795,-0.006420615129172802
5208.542895875,"mag",107.3201904296875,43.972564697265625,-158.00091552734375
5208.553892875,"acc",-0.002227783203125,-1.001312255859375,-0.0130615234375
5208.562644875,"gyro",-0.006177734583616257,-0.0031073763966560364,-0.0070589748211205006
5208.562773875,"mag",107.5572509765625,44.11305236816406,-158.19618225097656
5208.568310916667,"uwb",5.1493626,0.0,141.37166
5208.5738978750005,"acc",-0.001861572265625,-1.0006866455078125,-0.0126953125
5208.582649875,"gyro",-0.006563360337167978,-0.0025688852183520794,-0.006889065261930227
5208.582650875001,"mag",107.6519775390625,44.207489013671875,-158.15370178222656
5208.58432825,"uwb",5.1493626,0.0,141.37166
5208.593902875,"acc",-0.00140380859375,-1.0016632080078125,-0.0124664306640625
5208.601505333334,"uwb",5.1493626,0.0,141.37166
5208.602654875001,"gyro",-0.008913599886000156,-0.002951315138489008,-0.007506385911256075
5208.602527875,"mag",107.4293212890625,43.96595764160156,-158.62716674804688
5208.613907875,"acc",-0.001251220703125,-1.001129150390625,-0.0131683349609375
5208.618495916667,"uwb",5.1493626,0.0,141.37166
5208.622660875,"gyro",-0.0062970444560050964,-0.002114816103130579,-0.005887450184673071
5208.622404875,"mag",107.64686584472656,43.89329528808594,-158.52108764648438
5208.6339128750005,"acc",-0.0013275146484375,-1.0020751953125,-0.0129241943359375
5208.635198166667,"uwb",5.1493626,0.0,141.37166
5208.642665875001,"gyro",-0.0034083134960383177,-0.0034194989129900932,-0.008435828611254692
5208.642284875001,"mag",107.60008239746094,43.82719421386719,-158.36302185058594
5208.651581875,"uwb",5.1493626,0.0,141.37166
5208.653918875,"acc",-0.0019989013671875,-1.001739501953125,-0.0125885009765625
5208.662670875,"gyro",-0.008242483250796795,0.0004396878939587623,-0.007833688519895077
5208.662164875001,"mag",107.58851623535156,43.63084411621094,-157.920166015625
5208.673923875001,"acc",-0.0011749267578125,-1.001220703125,-0.0135650634765625
5208.682045875001,"mag",107.64068603515625,43.57240295410156,-158.35140991210938
5208.682675875,"gyro",-0.0051683965139091015,-0.0016258598770946264,-0.007893077097833157
5208.693928875,"acc",-0.0022430419921875,-1.0010833740234375,-0.0135040283203125
5208.701923875,"mag",107.65350341796875,43.99560546875,-157.8915252685547
5208.702680875001,"gyro",-0.006442186422646046,-0.0010815097484737635,-0.005960420705378056
5208.713933875,"acc",-0.001129150390625,-1.0021514892578125,-0.0120849609375
5208.721801875,"mag",107.27406311035156,43.80461120605469,-158.0020294189453
5208.722685875,"gyro",-0.00737189594656229,-0.0016919062472879887,-0.007383880205452442
5208.733938875001,"acc",-0.0023040771484375,-1.0010833740234375,-0.012725830078125
5208.73544275,"uwb",5.147391,0.0,141.37166
5208.741679875,"mag",107.79788208007812,43.78065490722656,-157.68148803710938
5208.742690875,"gyro",-0.0052168662659823895,-0.004603273700922728,-0.00942226406186819
5208.7520045833335,"uwb",5.147391,0.0,141.37166
5208.753943875,"acc",-0.0019073486328125,-1.001861572265625,-0.013397216796875
5208.761556875001,"mag",107.24241638183594,43.9151611328125,-157.7740020751953
5208.762695875001,"gyro",-0.005557750817388296,-0.0009872338268905878,-0.008371113799512386
5208.7691780000005,"uwb",5.147391,0.0,141.37166
5208.773948875,"acc",-0.0018768310546875,-1.0011138916015625,-0.0126800537109375
5208.781434875001,"mag",107.67835998535156,43.927642822265625,-158.15255737304688
5208.782700875,"gyro",-0.006975884083658457,-0.00282055395655334,-0.00746084563434124
5208.785435833333,"uwb",5.147391,0.0,141.37166
5208.793953875001,"acc",-0.00152587890625,-1.001007080078125,-0.012481689453125
5208.801314875001,"mag",107.95359802246094,44.04205322265625,-158.4709014892578
5208.8028423333335,"uwb",5.147391,0.0,141.37166
5208.802706875001,"gyro",-0.0059937103651463985,-0.000854075769893825,-0.005019259639084339
5208.813959875,"acc",-0.0018768310546875,-1.0016632080078125,-0.012542724609375
5208.819180958334,"uwb",5.147391,0.0,141.37166
5208.821193875,"mag",107.79750061035156,43.75274658203125,-157.97056579589844
5208.822711875,"gyro",-0.005142563953995705,-0.0027001791168004274,-0.0065228804014623165
5208.833964875001,"acc",-0.0022125244140625,-1.0007171630859375,-0.0125274658203125
5208.8410728750005,"mag",107.72732543945312,43.58331298828125,-157.90277099609375
5208.842716875,"gyro",-0.006424609571695328,-0.00267780851572752,-0.00894076470285654
5208.853969875,"acc",-0.0015411376953125,-1.001434326171875,-0.0135345458984375
5208.860945875001,"mag",107.75466918945312,43.66703796386719,-157.7591094970703
5208.862721875001,"gyro",-0.006682670209556818,-0.003135872073471546,-0.007429420482367277
5208.873974875,"acc",-0.0016632080078125,-1.0017547607421875,-0.0128631591796875
5208.880811875,"mag",107.56625366210938,43.48652648925781,-158.27430725097656
5208.882726875,"gyro",-0.005831257440149784,-0.0003009371866937727,-0.005899700801819563
5208.893979875001,"acc",-0.003143310546875,-1.001708984375,-0.012542724609375
5208.900678875,"mag",107.73161315917969,43.75062561035156,-157.8740997314453
5208.902731875,"gyro",-0.006789462640881538,-0.004080761689692736,-0.009052351117134094
5208.913984875,"acc",-0.001953125,-1.0013427734375,-0.0123138427734375
5208.919465791667,"uwb",5.146808,0.0,141.37166
5208.920544875,"mag",107.92713928222656,43.7489013671875,-158.2701416015625
5208.922736875001,"gyro",-0.003825897118076682,0.0010695254895836115,-0.008158859796822071
5208.933989875,"acc",-0.001678466796875,-1.0015716552734375,-0.0136566162109375
5208.936033833334,"uwb",5.146808,0.0,141.37166
5208.940419875,"mag",108.065673828125,43.491912841796875,-157.9163055419922
5208.9427428750005,"gyro",-0.0067540425807237625,-0.0015446334145963192,-0.008942628279328346
5208.952681250001,"uwb",5.146808,0.0,141.37166
5208.953994875001,"acc",-0.0018768310546875,-1.0017242431640625,-0.0123291015625
5208.960299875001,"mag",107.79008483886719,43.61824035644531,-157.9198455810547
5208.962747875,"gyro",-0.008244347758591175,-0.003210440743714571,-0.00977673102170229
5208.969552791667,"uwb",5.146808,0.0,141.37166
5208.9740008750005,"acc",-0.0017547607421875,-1.0014801025390625,-0.0131683349609375
5208.980177875001,"mag",107.80424499511719,43.49066162109375,-158.2849884033203
5208.982752875,"gyro",-0.007970042526721954,-0.0019153454340994358,-0.0041340249590575695
5208.9862149166665,"uwb",5.146808,0.0,141.37166
5208.994005875001,"acc",-0.0020751953125,-1.0023956298828125,-0.01220703125
5209.000055875001,"mag",107.70878601074219,43.51348876953125,-157.96971130371094
5209.002873625001,"uwb",5.146808,0.0,141.37166
5209.0027578750005,"gyro",-0.006868558935821056,-0.0032349417451769114,-0.006485329940915108
5209.014010875,"acc",-0.0016326904296875,-1.0011749267578125,-0.0126190185546875
5209.019934875,"mag",107.48643493652344,43.96272277832031,-158.23532104492188
5209.022762875,"gyro",-0.006696518510580063,-0.0030370689928531647,-0.006946589332073927
5209.0340158750005,"acc",-0.0019683837890625,-1.001312255859375,-0.0128631591796875
5209.039813875001,"mag",107.62785339355469,43.74263000488281,-157.9532470703125
5209.042767875,"gyro",-0.006914897821843624,-0.0038192393258213997,-0.007151652593165636
5209.054020875,"acc",-0.001251220703125,-1.0015869140625,-0.0129241943359375
5209.059691875001,"mag",107.94448852539062,43.614410400390625,-157.80523681640625
5209.0627728750005,"gyro",-0.005402222275733948,-0.001683384063653648,-0.005819539539515972
5209.074025875,"acc",-0.00140380859375,-1.00103759765625,-0.011871337890625
5209.079570875,"mag",107.6573486328125,43.59100341796875,-157.94154357910156
5209.082778875,"gyro",-0.0057678744196891785,-0.0021078919526189566,-0.006972954608500004
5209.087316125,"uwb",5.1503463,0.0,141.37166
5209.0940308750005,"acc",-0.0028533935546875,-1.0021514892578125,-0.014129638671875
5209.0994468750005,"mag",107.70155334472656,43.8607177734375,-158.5561065673828
5209.103217666667,"uwb",5.1503463,0.0,141.37166
5209.102783875001,"gyro",-0.00395585922524333,-0.0035950010642409325,-0.007978031411767006
5209.114036875,"acc",-0.0008087158203125,-1.001678466796875,-0.013763427734375
5209.120118375,"uwb",5.1503463,0.0,141.37166
5209.119323875,"mag",107.66725158691406,43.891265869140625,-157.78651428222656
5209.122788875,"gyro",-0.005907423794269562,-0.003970507066696882,-0.00780492601916194
5209.134041875001,"acc",-0.0020294189453125,-1.00164794921875,-0.0123291015625
5209.136163666667,"uwb",5.1503463,0.0,141.37166
5209.139202875001,"mag",107.50553894042969,43.52516174316406,-157.8309783935547
5209.142793875,"gyro",-0.00785286258906126,-0.0035814191214740276,-0.007127684075385332
5209.153416166667,"uwb",5.1503463,0.0,141.37166
5209.154046875,"acc",-0.0024261474609375,-1.0007781982421875,-0.014312744140625
5209.159081875,"mag",107.49363708496094,43.39430236816406,-157.61264038085938
5209.162798875001,"gyro",-0.008360461331903934,-0.0018841864075511694,-0.006930344272404909
5209.1701525416665,"uwb",5.1503463,0.0,141.37166
5209.174051875,"acc",-0.0015716552734375,-1.0013275146484375,-0.0142059326171875
5209.1789608750005,"mag",107.70565795898438,43.80322265625,-157.91908264160156
5209.182803875,"gyro",-0.005188636481761932,-0.002502838848158717,-0.007135141175240278
5209.194056875001,"acc",-0.00152587890625,-1.001708984375,-0.0120697021484375
5209.198836875,"mag",107.62257385253906,43.52197265625,-158.33323669433594
5209.202809875001,"gyro",-0.0031904669012874365,-0.0020610203500837088,-0.008828112855553627
5209.214061875,"acc",-0.0016326904296875,-1.0013580322265625,-0.0121612548828125
5209.218714875,"mag",107.47584533691406,43.498046875,-158.01219177246094
5209.222814875,"gyro",-0.006939398590475321,-0.0021912488155066967,-0.008419849909842014
5209.234067875001,"acc",-0.00189208984375,-1.000823974609375,-0.0132293701171875
5209.238591875001,"mag",107.7242431640625,43.988189697265625,-158.3115692138672
5209.242819875,"gyro",-0.007221694104373455,-0.003579022129997611,-0.006905843038111925
5209.254072875,"acc",-0.0018463134765625,-1.0010223388671875,-0.012603759765625
5209.258467875,"mag",107.52726745605469,43.56622314453125,-158.14950561523438
5209.262824875001,"gyro",-0.006696252152323723,-0.0034855452831834555,-0.006335660349577665
5209.271149583334,"uwb",5.15072,0.0,141.37166
5209.274077875,"acc",-0.0018768310546875,-1.0007171630859375,-0.0124053955078125
5209.278342875,"mag",107.71266174316406,43.64927673339844,-157.55165100097656
5209.282829875,"gyro",-0.008612129837274551,-0.003996073268353939,-0.007241667713969946
5209.287431833333,"uwb",5.15072,0.0,141.37166
5209.294082875001,"acc",-0.0019378662109375,-1.0015716552734375,-0.0137481689453125
5209.2982198750005,"mag",107.87489318847656,43.37821960449219,-157.6084747314453
5209.302834875,"gyro",-0.006261890754103661,-0.0009171926649287343,-0.005633917171508074
5209.3040711250005,"uwb",5.15072,0.0,141.37166
5209.314087875,"acc",-0.001220703125,-1.00091552734375,-0.0128021240234375
5209.318087875,"mag",107.56483459472656,43.60523986816406,-157.4974365234375
5209.320106541667,"uwb",5.15072,0.0,141.37166
5209.322840875,"gyro",-0.00660410663112998,-0.0011406318517401814,-0.00680144689977169
5209.334092875,"acc",-0.001312255859375,-1.001495361328125,-0.013031005859375
5209.33753425,"uwb",5.15072,0.0,141.37166
5209.337950875,"mag",107.52635192871094,43.62983703613281,-157.89715576171875
5209.342845875,"gyro",-0.0060147494077682495,-0.005309011787176132,-0.005653890781104565
5209.353731916667,"uwb",5.15072,0.0,141.37166
5209.354098875,"acc",-0.0026397705078125,-1.000701904296875,-0.011474609375
5209.357827875,"mag",107.70518493652344,43.62126159667969,-158.1023406982422
5209.362850875001,"gyro",-0.007502923719584942,-0.003763579297810793,-0.006142048165202141
5209.374103875,"acc",-0.0018463134765625,-1.0009613037109375,-0.0123138427734375
5209.377703875,"mag",107.62739562988281,43.62144470214844,-158.43605041503906
5209.382855875,"gyro",-0.005898369010537863,-0.0031009847298264503,-0.008688297122716904
5209.394108875001,"acc",-0.0011138916015625,-1.00067138671875,-0.0127410888671875
5209.397579875001,"mag",107.59983825683594,43.88661193847656,-158.23037719726562
5209.402860875,"gyro",-0.005828061606734991,-0.002313754288479686,-0.005431517027318478
5209.414113875,"acc",-0.00262451171875,-1.0015716552734375,-0.0135650634765625
5209.417457875001,"mag",107.81570434570312,43.832366943359375,-158.30999755859375
5209.422865875001,"gyro",-0.00686136819422245,-0.00316037330776453,-0.004995291121304035
5209.434118875,"acc",-0.00225830078125,-1.0010986328125,-0.0121917724609375
5209.4373348750005,"mag",107.45504760742188,43.70124816894531,-157.72251892089844
5209.4428718750005,"gyro",-0.006994260009378195,-0.0033577135764062405,-0.005998237524181604
5209.454124875,"acc",-0.0016937255859375,-1.00091552734375,-0.012603759765625
5209.455885125,"uwb",5.149385,0.0,141.37166
5209.457212875001,"mag",107.76687622070312,43.49800109863281,-158.0423583984375
5209.462876875,"gyro",-0.006167348474264145,-0.0017470336752012372,-0.007750597782433033
5209.470326833333,"uwb",5.149385,0.0,141.37166
5209.4741298750005,"acc",-0.00213623046875,-1.000213623046875,-0.013275146484375
5209.477090875001,"mag",107.88333129882812,43.84956359863281,-157.88111877441406
5209.482881875,"gyro",-0.006563093978911638,0.00018216021999251097,-0.007950334809720516
5209.487033041667,"uwb",5.149385,0.0,141.37166
5209.494134875,"acc",-0.0019378662109375,-1.0010223388671875,-0.0134735107421875
5209.496967875,"mag",107.59361267089844,43.65509033203125,-157.78082275390625
5209.5028868750005,"gyro",-0.005290369503200054,-0.001520132296718657,-0.006302104331552982
5209.504556791667,"uwb",5.149385,0.0,141.37166
5209.514139875,"acc",-0.0030059814453125,-1.0009002685546875,-0.0138092041015625
5209.516845875,"mag",107.77069091796875,43.67167663574219,-157.755126953125
5209.521348416667,"uwb",5.149385,0.0,141.37166
5209.522891875,"gyro",-0.005282912403345108,-0.0026027073618024588,-0.005943909287452698
5209.5341448750005,"acc",-0.00146484375,-1.00103759765625,-0.014068603515625
5209.536724875,"mag",107.61468505859375,43.7166748046875,-157.96131896972656
5209.538325958334,"uwb",5.149385,0.0,141.37166
5209.542897875001,"gyro",-0.003114566905423999,-0.00185063062235713,-0.006155896931886673
5209.554149875,"acc",-0.0015411376953125,-1.00048828125,-0.01287841796875
5209.556602875,"mag",107.65658569335938,43.79978942871094,-158.12405395507812
5209.562902875,"gyro",-0.006073871627449989,-0.0014434333425015211,-0.008339955471456051
5209.5741558750005,"acc",-0.0023040771484375,-1.0010528564453125,-0.012481689453125
5209.576481875,"mag",107.257568359375,44.113555908203125,-158.58114624023438
5209.582907875,"gyro",-0.003897003596648574,-0.004303934518247843,-0.007465639617294073
5209.594160875,"acc",-0.0016021728515625,-1.0010986328125,-0.012786865234375
5209.596360875001,"mag",107.84855651855469,43.7591552734375,-158.16368103027344
5209.602912875001,"gyro",-0.004157727118581533,-0.002319879597052932,-0.006971622817218304
5209.614165875,"acc",-0.0022430419921875,-1.00115966796875,-0.0133514404296875
5209.616238875,"mag",107.53953552246094,43.993560791015625,-158.26806640625
5209.621683833334,"uwb",5.1465096,0.0,141.37166
5209.622917875,"gyro",-0.005917810369282961,-0.0026786073576658964,-0.007012369576841593
5209.634170875001,"acc",-0.0022125244140625,-1.000946044921875,-0.0122222900390625
5209.636116875,"mag",107.57958984375,43.564453125,-158.43017578125
5209.6384505000005,"uwb",5.1465096,0.0,141.37166
5209.642923875001,"gyro",-0.0070254188030958176,-0.0014977618120610714,-0.007504787761718035
5209.654176041667,"acc",-0.0023956298828125,-1.0015411376953125,-0.0136871337890625
5209.65555975,"uwb",5.1465096,0.0,141.37166
5209.655994041667,"mag",107.32293701171875,43.896270751953125,-158.50169372558594
5209.662929041667,"gyro",-0.00686083547770977,-0.003376089269295335,-0.00951041467487812
5209.672015458334,"uwb",5.1465096,0.0,141.37166
5209.674182041667,"acc",-0.0011444091796875,-1.0009765625,-0.01324462890625
5209.675873041667,"mag",107.49998474121094,43.747344970703125,-158.23110961914062
5209.682934041667,"gyro",-0.006023005116730928,-0.003519633784890175,-0.006804110016673803
5209.688639041667,"uwb",5.1465096,0.0,141.37166
5209.694187041667,"acc",-0.00164794921875,-1.0016937255859375,-0.0130157470703125
5209.695752041667,"mag",107.50247192382812,43.97352600097656,-158.31253051757812
5209.702939041667,"gyro",-0.007522630970925093,-0.0036610474344342947,-0.005775331053882837
5209.7053315,"uwb",5.1465096,0.0,141.37166
5209.714192041667,"acc",-0.0017242431640625,-1.0015106201171875,-0.0136871337890625
5209.715630041667,"mag",107.64332580566406,43.743560791015625,-158.112060546875
5209.722944041667,"gyro",-0.004181429278105497,-0.00119602563790977,-0.00640942994505167
5209.734197041667,"acc",-0.00164794921875,-1.0009613037109375,-0.0139617919921875
5209.735506041667,"mag",107.68293762207031,43.889923095703125,-158.26544189453125
5209.742950041667,"gyro",-0.006159359123557806,-0.0029497172217816114,-0.0073774890042841434
5209.754203041667,"acc",-0.001922607421875,-1.0011749267578125,-0.0128326416015625
5209.755383041667,"mag",107.87322998046875,44.00358581542969,-158.22344970703125
5209.762955041667,"gyro",-0.007258711848407984,-0.0013994910987094045,-0.006601177155971527
5209.774208041667,"acc",-0.002532958984375,-1.0012054443359375,-0.0118865966796875
5209.775258041667,"mag",107.79104614257812,43.80567932128906,-157.85887145996094
5209.782960041667,"gyro",-0.007104514632374048,-0.0017976337112486362,-0.0049156625755131245
5209.794213041667,"acc",-0.0015869140625,-1.001739501953125,-0.013763427734375
5209.795135041667,"mag",107.41632080078125,44.152374267578125,-158.3077392578125
5209.8029650416665,"gyro",-0.005416070576757193,-0.002043709857389331,-0.009297095239162445
5209.806003166667,"uwb",5.151272,0.0,141.37166
5209.814218041667,"acc",-0.00152587890625,-1.0015106201171875,-0.013885498046875
5209.815010041667,"mag",107.55667114257812,43.605926513671875,-157.8629913330078
5209.822604208333,"uwb",5.151272,0.0,141.37166
5209.822970041667,"gyro",-0.010457168333232403,-0.001112668658606708,-0.007553790230304003
5209.834223041667,"acc",-0.002227783203125,-1.001312255859375,-0.0121002197265625
5209.834887041667,"mag",107.68632507324219,43.53355407714844,-157.96194458007812
5209.839442541667,"uwb",5.151272,0.0,141.37166
5209.842976041667,"gyro",-0.005520200356841087,-0.0024027039762586355,-0.007911186665296555
5209.854229041667,"acc",-0.0023040771484375,-1.0015411376953125,-0.014068603515625
5209.854765041667,"mag",107.68244934082031,43.971649169921875,-157.87240600585938
5209.856330166667,"uwb",5.151272,0.0,141.37166
5209.862981041667,"gyro",-0.0067788101732730865,-0.0009233179152943194,-0.008027566596865654
5209.872707791667,"uwb",5.151272,0.0,141.37166
5209.874234041667,"acc",-0.001556396484375,-1.001007080078125,-0.01324462890625
5209.874643041667,"mag",107.42314147949219,43.91722106933594,-158.3820037841797
5209.882986041667,"gyro",-0.00751890242099762,-0.0007776430575177073,-0.005395031534135342
5209.894239041667,"acc",-0.00164794921875,-1.000762939453125,-0.013885498046875
5209.894522041667,"mag",107.37118530273438,44.19956970214844,-158.38229370117188
5209.902991041667,"gyro",-0.004393416922539473,-0.0030927290208637714,-0.007847269997000694
5209.914244041667,"acc",-0.002044677734375,-1.001434326171875,-0.014495849609375
5209.914400041667,"mag",107.66697692871094,43.85652160644531,-158.36917114257812
5209.922997041667,"gyro",-0.005301021970808506,-0.0016823188634589314,-0.00621155695989728
5209.934250041667,"acc",-0.001434326171875,-1.001617431640625,-0.013397216796875
5209.934278041667,"mag",107.7689208984375,44.01176452636719,-158.91455078125
5209.943002041667,"gyro",-0.006974286399781704,-0.002511627273634076,-0.0041638524271547794
5209.954255041667,"acc",-0.001708984375,-1.0015106201171875,-0.01165771484375
5209.954157041667,"mag",108.02679443359375,43.77510070800781,-158.28842163085938
5209.963007041667,"gyro",-0.0073287528939545155,-0.0025454494170844555,-0.006250439211726189
5209.973052291667,"uwb",5.150908,0.0,141.37166
5209.974260041667,"acc",-0.0023345947265625,-1.0021514892578125,-0.01263427734375
5209.974036041667,"mag",107.93893432617188,43.69914245605469,-158.2593536376953
5209.983012041667,"gyro",-0.007108243182301521,-0.002186455298215151,-0.004968393128365278
5209.98890775,"uwb",5.150908,0.0,141.37166
5209.994265041667,"acc",-0.0020904541015625,-1.001312255859375,-0.0125885009765625
5209.993915041667,"mag",107.61566162109375,43.978759765625,-158.18289184570312
5210.003018041667,"gyro",-0.007781756576150656,-0.0012263857061043382,-0.00800279900431633
5210.006463458333,"uwb",5.150908,0.0,141.37166
5210.014270041667,"acc",4.57763671875e-05,-1.0009002685546875,-0.01318359375
5210.013794041667,"mag",107.66087341308594,43.860015869140625,-158.30665588378906
5210.022945125001,"uwb",5.150908,0.0,141.37166
5210.023023041667,"gyro",-0.005766542628407478,-0.0014077469240874052,-0.008074438199400902
5210.033674041667,"mag",107.96702575683594,43.97032165527344,-158.48162841796875
5210.034276041667,"acc",-0.0019073486328125,-1.0009765625,-0.0139007568359375
5210.039828625,"uwb",5.150908,0.0,141.37166
5210.043028041667,"gyro",-0.005723133217543364,-0.0011267834343016148,-0.005030178464949131
5210.053552041667,"mag",107.57456970214844,43.997650146484375,-157.91677856445312
5210.054281041667,"acc",-0.0018157958984375,-1.001251220703125,-0.0134429931640625
5210.057109916667,"uwb",5.150908,0.0,141.37166
5210.063033041667,"gyro",-0.00632127933204174,-0.0027896612882614136,-0.008159126155078411
5210.073431041667,"mag",107.54490661621094,43.98887634277344,-158.0602569580078
5210.074286041667,"acc",-0.001434326171875,-1.001251220703125,-0.0129241943359375
5210.083039041667,"gyro",-0.005334311630576849,-0.0009169263648800552,-0.009430519305169582
5210.0933090416665,"mag",107.99693298339844,44.181060791015625,-157.98265075683594
5210.094291041667,"acc",-0.00189208984375,-1.0010833740234375,-0.01336669921875
5210.103044041667,"gyro",-0.005914348177611828,-0.0024652881547808647,-0.0070608388632535934
5210.113175041667,"mag",107.45939636230469,43.97419738769531,-158.37326049804688
5210.114297041667,"acc",-0.00164794921875,-1.0009765625,-0.01361083984375
5210.123049041667,"gyro",-0.004866394214332104,-0.00213665422052145,-0.007704791147261858
5210.133042041667,"mag",107.79939270019531,43.809722900390625,-158.44679260253906
5210.134302041667,"acc",-0.0016326904296875,-1.001251220703125,-0.0129547119140625
5210.143054041667,"gyro",-0.004009122494608164,-0.002153698354959488,-0.007535147946327925
5210.152920041667,"mag",108.01016235351562,43.61924743652344,-157.68399047851562
5210.154307041667,"acc",-0.00146484375,-1.001007080078125,-0.0135498046875
5210.160076333334,"uwb",5.1539392,0.0,141.37166
5210.163059041667,"gyro",-0.0027204190846532583,-0.001987250754609704,-0.008986570872366428
5210.172797041667,"mag",108.0665283203125,43.65608215332031,-157.72398376464844
5210.174362291667,"uwb",5.1539392,0.0,141.37166
5210.174312041667,"acc",-0.00189208984375,-1.001739501953125,-0.013336181640625
5210.183065041667,"gyro",-0.007297327741980553,-0.004585164599120617,-0.006039782892912626
5210.190296458333,"uwb",5.1539392,0.0,141.37166
5210.192674041667,"mag",107.56645202636719,43.80113220214844,-158.02883911132812
5210.194318041667,"acc",-0.0016937255859375,-1.00164794921875,-0.0133209228515625
5210.203070041667,"gyro",-0.0051806471310555935,-0.002283926820382476,-0.006875216495245695
5210.205989125,"uwb",5.1539392,0.0,141.37166
5210.212551041667,"mag",107.68394470214844,43.91062927246094,-157.87782287597656
5210.214323041667,"acc",-0.0022430419921875,-1.0015106201171875,-0.0145263671875
5210.223075041667,"gyro",-0.0032732912804931402,-0.004508465528488159,-0.006608634255826473
5210.224329500001,"uwb",5.1539392,0.0,141.37166
5210.232428041667,"mag",107.62857055664062,43.78460693359375,-158.09107971191406
5210.234328041667,"acc",-0.000579833984375,-1.0001983642578125,-0.0128326416015625
5210.240512041667,"uwb",5.1539392,0.0,141.37166
5210.243080041667,"gyro",-0.006207562051713467,-0.0016841830220073462,-0.007393734063953161
5210.252305041667,"mag",108.07804870605469,44.0975341796875,-158.19776916503906
5210.2543330416665,"acc",-0.0021514892578125,-1.0018768310546875,-0.01348876953125
5210.263086041667,"gyro",-0.0063037024810910225,-0.0028583707753568888,-0.008342618122696877
5210.272182041667,"mag",107.72872924804688,43.78216552734375,-157.98377990722656
5210.274339041667,"acc",-0.001861572265625,-1.001190185546875,-0.0128173828125
5210.283091041667,"gyro",-0.006027532275766134,-0.0005249090609140694,-0.006523413117974997
5210.292058041667,"mag",107.56944274902344,44.017913818359375,-157.94760131835938
5210.294344041667,"acc",-0.001220703125,-1.001739501953125,-0.0126495361328125
5210.303096041667,"gyro",-0.004847751930356026,-0.002591255819424987,-0.006102100946009159
5210.311933041667,"mag",107.60726928710938,43.97154235839844,-157.69139099121094
5210.314349041667,"acc",-0.0017547607421875,-1.0022430419921875,-0.0128631591796875
5210.323102041667,"gyro",-0.0049707903526723385,-0.002403236459940672,-0.006367618218064308
5210.331811041667,"mag",107.3704833984375,44.127685546875,-157.5061492919922
5210.334355041667,"acc",-0.0031585693359375,-1.0017852783203125,-0.01287841796875
5210.340711291667,"uwb",5.1533155,0.0,141.37166
5210.343107041667,"gyro",-0.0065138256177306175,-0.004427505191415548,-0.004561728797852993
5210.351687041667,"mag",107.71260070800781,44.156005859375,-158.23023986816406
5210.354360041667,"acc",-0.00189208984375,-1.0008697509765625,-0.0131683349609375
5210.358453125,"uwb",5.1533155,0.0,141.37166
5210.363112041667,"gyro",-0.006984139792621136,0.0004218447138555348,-0.008423046208918095
5210.371563041667,"mag",107.53855895996094,43.97941589355469,-158.25894165039062
5210.37381825,"uwb",5.1533155,0.0,141.37166
5210.374365041667,"acc",-0.0014190673828125,-1.00091552734375,-0.012939453125
5210.383117041667,"gyro",-0.005800897255539894,-0.00421418622136116,-0.004715925548225641
5210.3913395,"uwb",5.1533155,0.0,141.37166
5210.391442041667,"mag",107.7696533203125,44.11546325683594,-158.22938537597656
5210.394370041667,"acc",-0.00238037109375,-1.001617431640625,-0.0127105712890625
5210.403123041667,"gyro",-0.007183344569057226,-0.0015036207623779774,-0.008113319985568523
5210.4075645,"uwb",5.1533155,0.0,141.37166
5210.411319041667,"mag",107.63468933105469,43.914276123046875,-157.80130004882812
5210.414376041667,"acc",-0.0027923583984375,-1.0017852783203125,-0.01336669921875
5210.423128041667,"gyro",-0.006482666824012995,-0.00264771468937397,-0.0070312777534127235
5210.424835166667,"uwb",5.1533155,0.0,141.37166
5210.431197041667,"mag",107.68072509765625,43.89036560058594,-157.8218994140625
5210.434381041667,"acc",-0.00079345703125,-1.001434326171875,-0.0128326416015625
5210.443133041667,"gyro",-0.004168645944446325,-0.003340935567393899,-0.009578857570886612
5210.451075041667,"mag",107.50592041015625,43.96211242675781,-157.61520385742188
5210.454386041667,"acc",-0.0012054443359375,-1.0018463134765625,-0.0125885009765625
5210.463138041667,"gyro",-0.005505020264536142,-0.001933987601660192,-0.007106379140168428
5210.470953041667,"mag",107.48472595214844,43.8585205078125,-158.31016540527344
5210.474391041667,"acc",-0.0020904541015625,-1.0014801025390625,-0.0130615234375
5210.483144041667,"gyro",-0.007196926511824131,-0.002886333968490362,-0.006146309431642294
5210.490831041667,"mag",107.55989074707031,44.15748596191406,-157.8701934814453
5210.494397041667,"acc",-0.001251220703125,-1.00091552734375,-0.0129547119140625
5210.503149041667,"gyro",-0.007367102429270744,-0.0027236149180680513,-0.006331665441393852
5210.508368416667,"uwb",5.1534576,0.0,141.37166
5210.510709041667,"mag",107.56590270996094,44.097442626953125,-157.8822479248047
5210.514402041667,"acc",-0.001495361328125,-1.0012359619140625,-0.01251220703125
5210.523154041667,"gyro",-0.004739361349493265,-0.002311091171577573,-0.010750115849077702
5210.525161500001,"uwb",5.1534576,0.0,141.37166
5210.530585041667,"mag",107.26458740234375,44.01878356933594,-157.77210998535156
5210.534407041667,"acc",-0.0018310546875,-1.001708984375,-0.0134429931640625
5210.541830833334,"uwb",5.1534576,0.0,141.37166
5210.543160041667,"gyro",-0.00869255792349577,-0.0007592672482132912,-0.00902385450899601
5210.550461041667,"mag",107.5238037109375,43.77850341796875,-157.86898803710938
5210.554413041667,"acc",-0.0019989013671875,-1.001312255859375,-0.013916015625
5210.557915958334,"uwb",5.1534576,0.0,141.37166
5210.563165041667,"gyro",-0.007888282649219036,-0.0022040321491658688,-0.007423295173794031
5210.570339041667,"mag",107.27717590332031,43.96925354003906,-157.9359130859375
5210.5748452083335,"uwb",5.1534576,0.0,141.37166
5210.574418041667,"acc",-0.0013275146484375,-1.00115966796875,-0.013214111328125
5210.583170041667,"gyro",-0.007925034500658512,0.0007605988066643476,-0.006613427773118019
5210.590215041667,"mag",107.55551147460938,43.92448425292969,-158.2345428466797
5210.592215583333,"uwb",5.1534576,0.0,141.37166
5210.594423041667,"acc",-0.0015106201171875,-1.0010986328125,-0.014190673828125
5210.603175041667,"gyro",-0.005634449888020754,-0.0017243968322873116,-0.00911759864538908
5210.610092041667,"mag",107.52742004394531,43.97898864746094,-157.8850555419922
5210.6144280416665,"acc",-0.0018768310546875,-1.0005035400390625,-0.013427734375
5210.623181041667,"gyro",-0.004972654394805431,-0.001014398061670363,-0.006591323763132095
5210.629970041667,"mag",107.36007690429688,43.7540283203125,-158.273193359375
5210.634434041667,"acc",-0.002105712890625,-1.0018768310546875,-0.0133819580078125
5210.643186041667,"gyro",-0.007181480061262846,-0.0017475662752985954,-0.008795621804893017
5210.649847000001,"mag",107.624267578125,43.85588073730469,-158.27232360839844
5210.654439,"acc",-0.00128173828125,-1.0016326904296875,-0.0128021240234375
5210.663191000001,"gyro",-0.006795321591198444,-0.0020639498252421618,-0.008784969337284565
5210.669724,"mag",107.35560607910156,44.0020751953125,-158.0458221435547
5210.674444,"acc",-0.001953125,-1.0009307861328125,-0.0126190185546875
5210.683197,"gyro",-0.007697600871324539,-0.0011616708943620324,-0.003766242414712906
5210.689602,"mag",107.40852355957031,43.66856384277344,-158.1429443359375
5210.692486458333,"uwb",5.1558657,0.0,141.37166
5210.69445,"acc",-0.0018463134765625,-1.00201416015625,-0.0135040283203125
5210.703202000001,"gyro",-0.004234692547470331,0.00018029600323643535,-0.006670952308923006
5210.7086340000005,"uwb",5.1558657,0.0,141.37166
5210.70948,"mag",107.4945068359375,43.984710693359375,-158.15899658203125
5210.714455,"acc",-0.001861572265625,-1.0013427734375,-0.013641357421875
5210.723207,"gyro",-0.008011321537196636,-0.0040948763489723206,-0.007281082216650248
5210.725139791667,"uwb",5.1558657,0.0,141.37166
5210.729354,"mag",107.13899230957031,43.8441162109375,-158.4332733154297
5210.734460000001,"acc",-0.001678466796875,-1.00140380859375,-0.0134429931640625
5210.741447541667,"uwb",5.1558657,0.0,141.37166
5210.743212,"gyro",-0.004990763962268829,-0.005467736162245274,-0.007407316006720066
5210.74923,"mag",107.66621398925781,43.767578125,-157.90811157226562
5210.754465,"acc",-0.00286865234375,-1.001068115234375,-0.012939453125
5210.758724208334,"uwb",5.1558657,0.0,141.37166
5210.763218,"gyro",-0.004216050263494253,-0.0035214978270232677,-0.007837416604161263
5210.769105,"mag",107.69129943847656,44.395965576171875,-157.91038513183594
5210.774471000001,"acc",-0.0012359619140625,-1.0011138916015625,-0.01318359375
5210.775695791667,"uwb",5.1558657,0.0,141.37166
5210.783223,"gyro",-0.004478904418647289,-0.0014828480780124664,-0.0054906392470002174
5210.788983,"mag",107.716796875,43.90248107910156,-157.5908660888672
5210.794476,"acc",-0.001708984375,-1.0013427734375,-0.0126495361328125
5210.803228000001,"gyro",-0.007283479440957308,-0.0006058691651560366,-0.008664860390126705
5210.80886,"mag",107.73420715332031,43.89509582519531,-158.25091552734375
5210.814481,"acc",-0.0013885498046875,-1.0011138916015625,-0.0139312744140625
5210.823234,"gyro",-0.004815794061869383,-0.0030663637444376945,-0.00726563623175025
5210.828738,"mag",107.5107421875,43.542816162109375,-158.16648864746094
5210.834487,"acc",-0.0013580322265625,-1.002227783203125,-0.0126190185546875
5210.843239000001,"gyro",-0.005842708982527256,-0.0005864280392415822,-0.005933789070695639
5210.848616,"mag",107.4609375,44.02772521972656,-157.72023010253906
5210.854492,"acc",-0.0019683837890625,-1.0012054443359375,-0.01312255859375
5210.863244,"gyro",-0.006583866663277149,-0.004092479590326548,-0.006480802316218615
5210.868491,"mag",107.72190856933594,43.914459228515625,-157.95428466796875
5210.874497000001,"acc",-0.0008544921875,-1.0009307861328125,-0.012908935546875
5210.876265125,"uwb",5.1554675,0.0,141.37166
5210.88325,"gyro",-0.005592371802777052,-0.002438656520098448,-0.008598282001912594
5210.888368,"mag",107.55357360839844,43.807373046875,-157.70957946777344
5210.892650916667,"uwb",5.1554675,0.0,141.37166
5210.894503,"acc",-0.00042724609375,-1.0009307861328125,-0.0147857666015625
5210.903255,"gyro",-0.007202519103884697,-0.0046631949953734875,-0.00833675917237997
5210.9082450000005,"mag",107.5205078125,43.5537109375,-157.80543518066406
5210.909719333334,"uwb",5.1554675,0.0,141.37166
5210.914508000001,"acc",-0.0027008056640625,-1.000823974609375,-0.0124664306640625
5210.9232600000005,"gyro",-0.005146825220435858,-0.003486077766865492,-0.005432049743831158
5210.925478708334,"uwb",5.1554675,0.0,141.37166
5210.928122,"mag",107.60687255859375,43.49311828613281,-156.9758758544922
5210.934513,"acc",-0.0011444091796875,-1.0010833740234375,-0.0128326416015625
5210.9429569583335,"uwb",5.1554675,0.0,141.37166
5210.943266,"gyro",-0.00481446273624897,-0.003933222498744726,-0.00561101408675313
5210.948,"mag",107.56858825683594,43.56819152832031,-157.6922607421875
5210.954519,"acc",-0.0018768310546875,-1.0016632080078125,-0.0128021240234375
5210.959872291667,"uwb",5.1554675,0.0,141.37166
5210.9632710000005,"gyro",-0.0062517705373466015,-0.001582716591656208,-0.007123423274606466
5210.967878,"mag",107.63803100585938,43.60923767089844,-157.98959350585938
5210.974524,"acc",-0.0010986328125,-1.0009613037109375,-0.0135498046875
5210.983276,"gyro",-0.0062762717716395855,-0.003914314322173595,-0.009040633216500282
5210.987751000001,"mag",107.79194641113281,43.89317321777344,-157.99432373046875
5210.9945290000005,"acc",-0.0013885498046875,-1.0006866455078125,-0.011627197265625
5211.003282000001,"gyro",-0.007391070947051048,0.00038962045800872147,-0.007511445786803961
5211.007617,"mag",107.66578674316406,43.6873779296875,-157.96115112304688
5211.014534,"acc",-0.0024261474609375,-1.0013580322265625,-0.0125274658203125
5211.023287,"gyro",-0.003948935307562351,-0.004504736978560686,-0.004431233741343021
5211.027484,"mag",107.79917907714844,43.77186584472656,-158.11952209472656
5211.034540000001,"acc",-0.0013580322265625,-1.0007781982421875,-0.0135955810546875
5211.043292,"gyro",-0.005060005933046341,-0.0016951019642874599,-0.005268531385809183
5211.047351,"mag",107.48536682128906,43.817169189453125,-158.13278198242188
5211.054545,"acc",-0.00146484375,-1.00177001953125,-0.0132293701171875
5211.05961225,"uwb",5.155137,0.0,141.37166
5211.063297000001,"gyro",-0.006421147845685482,-0.0007155913626775146,-0.00875141378492117
5211.067223,"mag",107.50251770019531,43.89820861816406,-158.4425811767578
5211.07455,"acc",-0.001953125,-1.0010528564453125,-0.0139007568359375
5211.076668000001,"uwb",5.155137,0.0,141.37166
5211.083303,"gyro",-0.007228618022054434,-0.005797701422125101,-0.006444850005209446
5211.087094,"mag",107.83987426757812,43.65293884277344,-158.38796997070312
5211.093425208333,"uwb",5.155137,0.0,141.37166
5211.094556,"acc",-0.000885009765625,-1.0012054443359375,-0.0126495361328125
5211.103308000001,"gyro",-0.0029372002463787794,-0.00455613574013114,-0.007274158298969269
5211.10696,"mag",107.72927856445312,43.79315185546875,-158.08189392089844
5211.109131333334,"uwb",5.155137,0.0,141.37166
5211.114561,"acc",-0.0012359619140625,-1.001708984375,-0.013580322265625
5211.123313,"gyro",-0.006780407857149839,-0.00195129809435457,-0.006132727488875389
5211.127050916667,"uwb",5.155137,0.0,141.37166
5211.126826000001,"mag",107.75138854980469,43.491668701171875,-157.90457153320312
5211.134566000001,"acc",-0.00177001953125,-1.001617431640625,-0.0137939453125
5211.143319000001,"gyro",-0.0043955473229289055,-0.003641073824837804,-0.007846205495297909
5211.144717333334,"uwb",5.155137,0.0,141.37166
5211.146694,"mag",107.55848693847656,43.78594970703125,-157.72018432617188
5211.154572,"acc",-0.0019989013671875,-1.0009613037109375,-0.01409912109375
5211.163324,"gyro",-0.004916994366794825,-0.0029033781029284,-0.007383613847196102
5211.166561,"mag",107.61811828613281,43.85612487792969,-158.08673095703125
5211.174577000001,"acc",-0.00140380859375,-1.001068115234375,-0.0131072998046875
5211.183329,"gyro",-0.006126868538558483,-0.0021113541442900896,-0.007440605666488409
5211.186430000001,"mag",107.74591064453125,43.56370544433594,-157.81405639648438
5211.194582,"acc",-0.0018463134765625,-1.001861572265625,-0.0127105712890625
5211.203335,"gyro",-0.0049161952920258045,-0.0035574506036937237,-0.006048571318387985
5211.206299,"mag",107.58062744140625,43.75816345214844,-157.97996520996094
5211.214588000001,"acc",-0.0023651123046875,-1.0013580322265625,-0.01397705078125
5211.2233400000005,"gyro",-0.005477589555084705,-0.0016205335268750787,-0.008580705150961876
5211.226179,"mag",107.4671630859375,43.888214111328125,-158.11004638671875
5211.234593,"acc",-0.000701904296875,-1.0008544921875,-0.0127716064453125
5211.243345,"gyro",-0.007326888851821423,-0.0017217335989698768,-0.007680822629481554
5211.244500833333,"uwb",5.153647,0.0,141.37166
5211.24606,"mag",108.05290222167969,43.94920349121094,-157.48756408691406
5211.254598,"acc",-0.00140380859375,-1.0013275146484375,-0.0126495361328125
5211.260165666667,"uwb",5.153647,0.0,141.37166
5211.2633510000005,"gyro",-0.007132744416594505,0.00027856664382852614,-0.007229417096823454
5211.265932,"mag",107.59675598144531,43.88316345214844,-157.51824951171875
5211.274604,"acc",-0.001617431640625,-1.0009002685546875,-0.0131072998046875
5211.277689291667,"uwb",5.153647,0.0,141.37166
5211.283356,"gyro",-0.005841644015163183,-0.003349990351125598,-0.005140699911862612
5211.28581,"mag",107.5672607421875,43.68617248535156,-158.0955047607422
5211.293576125,"uwb",5.153647,0.0,141.37166
5211.2946090000005,"acc",-0.0019378662109375,-1.0010223388671875,-0.01312255859375
5211.303362000001,"gyro",-0.0030663637444376945,-0.0018370485631749034,-0.0070219566114246845
5211.305688,"mag",107.6224365234375,43.572021484375,-157.57212829589844
5211.3107820000005,"uwb",5.153647,0.0,141.37166
5211.314615,"acc",-0.0009307861328125,-1.0019989013671875,-0.0139312744140625
5211.323367,"gyro",-0.00424268189817667,-0.004333495628088713,-0.008466987870633602
5211.325567,"mag",108.09547424316406,43.49568176269531,-157.8871612548828
5211.327530416667,"uwb",5.153647,0.0,141.37166
5211.3346200000005,"acc",-0.001220703125,-1.0015411376953125,-0.0134429931640625
5211.343372,"gyro",-0.006125536747276783,-0.0015278555219992995,-0.007831024937331676
5211.345447000001,"mag",107.94593811035156,43.59088134765625,-158.0521697998047
5211.354625,"acc",-0.001495361328125,-1.001068115234375,-0.01348876953125
5211.363378,"gyro",-0.007995608262717724,-0.002808836055919528,-0.005342034623026848
5211.365325000001,"mag",108.0625,43.6943359375,-157.8949737548828
5211.374631000001,"acc",-0.0014495849609375,-1.0009765625,-0.013275146484375
5211.383383,"gyro",-0.007282414007931948,-0.0009776464430615306,-0.006420348770916462
5211.385203000001,"mag",107.61550903320312,43.67283630371094,-157.98907470703125
5211.394636,"acc",-0.00152587890625,-1.0009307861328125,-0.0128326416015625
5211.403388000001,"gyro",-0.004491687286645174,-0.002822950715199113,-0.0076331524178385735
5211.405082,"mag",107.58091735839844,43.4752197265625,-157.97499084472656
5211.410598416667,"uwb",5.1535053,0.0,141.37166
5211.414641,"acc",-0.0015869140625,-1.001861572265625,-0.0130767822265625
5211.423394,"gyro",-0.006061621010303497,-0.002123604528605938,-0.008049670606851578
5211.424949,"mag",107.96607971191406,43.47441101074219,-158.2679901123047
5211.427776291667,"uwb",5.1535053,0.0,141.37166
5211.434647,"acc",-0.0015106201171875,-1.0010986328125,-0.013214111328125
5211.443399000001,"gyro",-0.005169728305190802,0.0004396878939587623,-0.00797270517796278
5211.444467458334,"uwb",5.1535053,0.0,141.37166
5211.444820000001,"mag",107.97877502441406,43.37152099609375,-158.15823364257812
5211.454652,"acc",-0.002105712890625,-1.0011749267578125,-0.0133209228515625
5211.461153166667,"uwb",5.1535053,0.0,141.37166
5211.463404,"gyro",-0.008461128920316696,0.00024208133982028812,-0.00523604080080986
5211.464698000001,"mag",108.07533264160156,43.62513732910156,-157.82855224609375
5211.474657000001,"acc",-0.0009002685546875,-1.0010223388671875,-0.0129547119140625
5211.477958,"uwb",5.1535053,0.0,141.37166
5211.483410000001,"gyro",-0.007732754573225975,-0.0023483755066990852,-0.008296012878417969
5211.484575,"mag",108.14076232910156,43.68016052246094,-158.0758819580078
5211.494470500001,"uwb",5.1535053,0.0,141.37166
5211.494663,"acc",-0.00225830078125,-1.001251220703125,-0.0138397216796875
5211.503415,"gyro",-0.007254983298480511,-0.003037601476535201,-0.007134874816983938
5211.504455,"mag",108.03364562988281,43.76075744628906,-158.15289306640625
5211.514668000001,"acc",-0.001373291015625,-1.0012359619140625,-0.013397216796875
5211.52342,"gyro",-0.015409582294523716,-0.0016346483025699854,-0.008144745603203773
5211.524335,"mag",107.61579895019531,43.754486083984375,-157.8482208251953
5211.534673,"acc",-0.00054931640625,-1.0007171630859375,0.0035858154296875
5211.543426,"gyro",-0.023124227300286293,-0.00914156623184681,-0.005405950825661421
5211.544215,"mag",107.34817504882812,43.53129577636719,-157.5713653564453
5211.554679000001,"acc",-0.004302978515625,-1.002288818359375,-0.023468017578125
5211.5634310000005,"gyro",0.004569718148559332,-0.00042823629337362945,-0.009923737496137619
5211.564096,"mag",107.77217102050781,43.742218017578125,-157.47119140625
5211.574684,"acc",-0.003448486328125,-1.0002288818359375,-0.0478973388671875
5211.583436,"gyro",0.019478360190987587,-0.0008839031797833741,-0.004607268609106541
5211.583977,"mag",107.23089599609375,43.50181579589844,-157.498046875
5211.594968041667,"uwb",5.152096,0.0,141.37166
5211.5946890000005,"acc",0.004364013671875,-1.0008392333984375,0.0107879638671875
5211.6034420000005,"gyro",-0.020669059827923775,-0.004717523697763681,-0.009559150785207748
5211.603856000001,"mag",107.62916564941406,43.68501281738281,-158.07290649414062
5211.611167,"uwb",5.152096,0.0,141.37166
