Event,Time,X Coordinate
Start leaving,1723637028.9077797,0
Finish leaving,1723637035.0886343,40005
Start coming back,1723637039.0929704,40005
Finish coming back,1723637045.2554064,0
Start leaving,1723637049.2597754,0
Finish leaving,1723637055.430035,40005
Start coming back,1723637059.4344022,40005
Finish coming back,1723637065.6123266,0
Start leaving,1723637069.6166732,0
Finish leaving,1723637075.7976928,40005
Start coming back,1723637079.8020463,40005
Finish coming back,1723637085.9778473,0
Start leaving,1723637089.9822197,0
Finish leaving,1723637096.1622903,40005
Start coming back,1723637100.1666534,40005
Finish coming back,1723637106.3425314,0
Start leaving,1723637110.3468924,0
Finish leaving,1723637116.5119135,40005
Start coming back,1723637120.5162883,40005
Finish coming back,1723637126.6720767,0
