Case,QR,Brightness(Lux),Distance (cm),Features
0,large,200,50,crowded
1,large,200,100,crowded
2,large,200,150,crowded
3,large,200,200,crowded
4,large,200,250,crowded
5,large,200,300,crowded
6,large,200,350,crowded
7,large,200,400,crowded
8,large,200,450,crowded
9,large,200,500,crowded
10,large,200,550,crowded
11,large,200,600,crowded
12,large,200,650,crowded
13,large,200,700,crowded
14,large,7,50,crowded
15,large,7,100,crowded
16,large,7,150,crowded
17,large,7,200,crowded
18,large,7,250,crowded
19,large,7,300,crowded
20,large,7,350,crowded
21,large,7,400,crowded
22,large,7,450,crowded
23,large,7,500,crowded
24,large,7,550,crowded
25,large,7,600,crowded
26,large,7,650,crowded
27,large,7,700,crowded
