Event,Time,X Coordinate
Start leaving,1723628775.7144675,0
Finish leaving,1723628781.8939617,40001
Start coming back,1723628785.8983324,40001
Finish coming back,1723628792.0745215,0
Start leaving,1723628796.0788953,0
Finish leaving,1723628802.2527285,40001
Start coming back,1723628806.2570984,40001
Finish coming back,1723628812.4155118,0
Start leaving,1723628816.4198735,0
Finish leaving,1723628822.5835853,40001
Start coming back,1723628826.5879416,40001
Finish coming back,1723628832.7435746,0
Start leaving,1723628836.7479482,0
Finish leaving,1723628842.9156995,40001
Start coming back,1723628846.920057,40001
Finish coming back,1723628853.0967033,0
Start leaving,1723628857.101052,0
Finish leaving,1723628863.279714,40001
Start coming back,1723628867.2840424,40001
Finish coming back,1723628873.4617891,0
