Event,Time,X Coordinate
Start leaving,1723630563.025885,0
Finish leaving,1723630569.193985,40004
Start coming back,1723630573.198338,40004
Finish coming back,1723630579.3733675,0
Start leaving,1723630583.3777242,0
Finish leaving,1723630589.5574882,40004
Start coming back,1723630593.561855,40004
Finish coming back,1723630599.7383018,0
Start leaving,1723630603.7426648,0
Finish leaving,1723630609.9212606,40004
Start coming back,1723630613.925587,40004
Finish coming back,1723630620.1022851,0
Start leaving,1723630624.1066546,0
Finish leaving,1723630630.2852817,40004
Start coming back,1723630634.2873256,40004
Finish coming back,1723630640.4452589,0
Start leaving,1723630644.4496138,0
Finish leaving,1723630650.6162977,40004
Start coming back,1723630654.6206565,40004
Finish coming back,1723630660.7832453,0
